"ancestor_concept_id","descendant_concept_id","min_levels_of_separation","max_levels_of_separation"
9202,581477,1,1
31821,4192640,2,2
31821,4340494,4,4
31821,4337316,3,3
31821,4147231,3,3
31821,4185268,3,4
31821,36715932,3,3
31821,4026158,4,5
31821,4340962,3,4
31821,763030,4,4
31821,36675120,3,3
31821,4340961,4,4
31821,4192249,3,4
31821,4241838,3,3
31821,4340493,4,5
31821,4125494,3,3
31821,4341763,4,4
31821,44806251,4,4
31821,195596,3,3
31821,35624505,4,4
31821,196628,3,4
31821,4124691,3,3
31821,4243504,3,3
31821,4088042,3,4
31821,36716715,3,4
31821,4102255,4,4
31821,4121819,4,4
31821,4262937,3,3
31821,40490446,2,3
31821,36716513,3,3
31821,4342866,4,4
31821,4082334,4,4
31821,4340496,4,4
31821,45757494,4,4
31821,4309439,2,3
31821,46274136,4,4
31821,4341764,4,4
31821,4341765,3,5
31821,4026157,4,4
31821,4303234,4,4
31821,37110323,5,5
31821,4341073,4,4
31821,4340960,4,4
31821,3654680,3,4
31821,4340963,4,4
31821,40483827,3,3
31821,199074,3,3
31821,4340964,4,5
31821,36716714,4,4
31821,4319446,3,3
75865,37395521,9,9
75865,761083,3,4
75865,44809061,6,6
75865,36716182,4,6
75865,37395520,9,9
75865,37395518,8,8
75865,3661748,6,6
75865,37395517,8,8
75865,44809062,6,6
75865,37395514,8,8
75865,37395519,9,9
75865,36716183,4,6
75865,44809063,6,6
75865,36716312,6,6
75865,37395516,8,8
134057,36716182,4,5
137829,4211348,2,2
192359,37395521,5,5
192359,36716182,2,2
192359,44809061,2,2
192359,3661748,2,2
192359,37395517,4,4
192359,37395518,4,4
192359,37395520,5,5
192359,44809062,2,2
192359,44809063,2,2
192359,37395519,5,5
192359,37395514,4,4
192359,36716183,2,2
192359,36716312,2,2
192359,37395516,4,4
192963,4337316,2,2
192963,4340494,3,3
192963,4192249,2,3
192963,4340962,3,3
192963,4185268,2,3
192963,763030,3,3
192963,4340961,3,3
192963,36715932,2,2
192963,4340493,3,4
192963,4147231,2,2
192963,4192640,1,1
192963,4241838,2,2
192963,4026158,4,4
192963,36675120,2,2
192963,4121819,3,3
192963,196628,3,3
192963,4341763,3,3
192963,4243504,2,2
192963,4124691,2,2
192963,44806251,3,3
192963,36716715,3,3
192963,195596,2,2
192963,4125494,2,2
192963,4088042,3,3
192963,4102255,3,3
192963,35624505,3,3
192963,4340496,3,3
192963,4082334,3,3
192963,40490446,2,2
192963,45757494,3,3
192963,4262937,2,2
192963,4342866,3,3
192963,4309439,2,2
192963,36716513,2,2
192963,3654680,3,3
192963,4026157,3,3
192963,36716714,3,3
192963,4341073,3,3
192963,4340960,3,3
192963,37110323,4,4
192963,46274136,3,3
192963,199074,2,2
192963,4340964,3,4
192963,40483827,2,2
192963,4319446,2,2
192963,4341765,3,4
192963,4341764,3,3
192963,4340963,3,3
192963,4303234,3,3
193631,761083,3,3
194526,761083,4,4
195596,4192249,1,1
195596,4341074,1,1
195596,4121819,1,1
195596,35624505,1,1
195596,4102255,1,1
195596,195596,0,0
195596,45757494,1,1
195596,4342866,1,1
195596,4340496,1,1
195596,4341073,1,1
195596,36716714,1,1
195596,4340963,1,1
195596,4340964,2,2
195596,3654680,1,1
195596,37110323,2,2
195856,36675120,1,1
196628,196628,0,0
197320,44809061,1,1
197320,37395521,4,4
197320,36716182,1,1
197320,37395520,4,4
197320,37395518,3,3
197320,3661748,1,1
197320,44809062,1,1
197320,37395517,3,3
197320,37395519,4,4
197320,36716183,1,1
197320,37395514,3,3
197320,44809063,1,1
197320,36716312,1,1
197320,37395516,3,3
197329,37395521,3,3
197329,37395517,2,2
197329,37395520,3,3
197329,37395518,2,2
197329,37395514,2,2
197329,37395519,3,3
197329,37395516,2,2
197917,36675120,2,2
197917,763030,4,4
198124,44809061,4,4
198124,36716182,2,4
198124,37395521,7,7
198124,761083,2,2
198124,44809062,4,4
198124,37395518,6,6
198124,3661748,4,4
198124,37395520,7,7
198124,37395517,6,6
198124,44809063,4,4
198124,37395519,7,7
198124,36716183,2,4
198124,37395514,6,6
198124,37395516,6,6
198124,36716312,4,4
199074,4185268,1,1
199074,4340493,2,2
199074,763030,1,1
199074,4342865,1,1
199074,4026158,2,2
199074,4340494,1,1
199074,4340961,1,1
199074,4341763,1,1
199074,44806251,1,1
199074,4082334,1,1
199074,4341764,1,1
199074,4340960,1,1
199074,46274136,1,1
199074,4340495,1,1
199074,4303234,1,1
199074,4026157,1,1
199074,4341765,2,2
199074,199074,0,0
200174,4262809,4,5
200588,761083,3,3
253549,4262937,2,2
253549,4262809,3,3
254061,3655446,3,3
316139,36716182,2,2
317248,4211348,4,4
320136,3655446,6,6
321588,36716182,3,4
376208,4262809,5,6
376208,4262937,2,2
432250,4340962,3,5
432250,4026158,3,5
432250,3661748,5,5
432250,196628,3,6
432250,4088042,2,4
432250,4309439,3,3
432250,4341765,3,4
432250,3654680,2,4
432250,4341764,2,2
432545,4026158,2,2
432795,761083,6,7
432795,36716182,3,3
432795,4262809,4,6
432795,36716183,3,3
432795,4303234,3,3
432870,4125494,2,2
432870,4211348,4,4
432881,4125494,1,1
432881,4211348,3,3
434008,4125494,3,3
434008,4211348,5,5
434621,36716715,3,3
434621,40490446,2,2
435224,4125494,2,2
435224,4211348,4,4
435463,4340962,3,3
437312,4185268,3,3
439676,3661748,2,2
439777,4211348,2,4
440029,4340962,2,4
440029,196628,2,5
440029,3661748,4,4
440029,4341765,2,2
440032,4340962,1,1
440059,4124691,1,1
440059,4026157,2,2
440142,36716182,4,5
440371,4125494,4,4
440371,36716715,4,4
440371,40490446,3,3
440371,4211348,6,6
440635,4340962,2,2
440921,761083,5,6
441840,4340961,3,11
441840,3655446,9,11
441840,4147231,6,10
441840,4337316,6,10
441840,4241838,6,10
441840,4192249,5,11
441840,4026158,5,12
441840,4192640,5,9
441840,36716182,5,13
441840,763030,5,11
441840,37395521,9,16
441840,4340493,4,12
441840,4340962,5,11
441840,36675120,6,10
441840,761083,5,11
441840,4340494,5,11
441840,4185268,4,11
441840,44809061,6,13
441840,36715932,4,10
441840,4088042,4,11
441840,37395518,8,15
441840,37395520,9,16
441840,4125494,5,10
441840,4102255,4,11
441840,44806251,5,11
441840,3661748,6,13
441840,4124691,4,10
441840,37395517,8,15
441840,4243504,6,10
441840,4341763,5,11
441840,196628,5,11
441840,35624505,5,11
441840,44809062,6,13
441840,195596,4,10
441840,36716715,6,11
441840,4121819,5,11
441840,4082334,5,11
441840,4342866,5,11
441840,36716183,5,13
441840,36716513,6,10
441840,4262809,6,10
441840,45757494,5,11
441840,4262937,5,10
441840,4309439,5,10
441840,44809063,6,13
441840,37395519,9,16
441840,4340496,5,11
441840,37395514,8,15
441840,40490446,5,10
441840,37395516,8,15
441840,4211348,5,12
441840,4341765,5,12
441840,46274136,5,11
441840,4341764,4,11
441840,4340960,5,11
441840,4340963,5,11
441840,199074,4,10
441840,4026157,5,11
441840,36716312,6,13
441840,4340964,4,12
441840,4319446,6,10
441840,40483827,4,10
441840,3654680,4,11
441840,37110323,5,12
441840,4303234,5,11
441840,36716714,5,11
441840,4341073,3,11
442310,36716182,1,1
443723,4125494,4,4
443723,4211348,3,6
443783,36715932,2,2
443783,4192249,3,3
443783,195596,2,2
443783,4102255,3,3
443783,4124691,2,2
443783,35624505,3,3
443783,4121819,3,3
443783,4342866,3,3
443783,4340496,3,3
443783,45757494,3,3
443783,36716714,3,3
443783,3654680,2,3
443783,4340964,4,4
443783,37110323,4,4
443783,4340963,3,3
443783,4341073,3,3
443783,4026157,3,3
443792,763030,2,2
443883,4340493,4,4
443883,4340494,3,3
443883,4185268,3,3
443883,37395521,8,8
443883,4026158,3,4
443883,761083,3,3
443883,763030,3,3
443883,4340961,3,3
443883,44809061,5,5
443883,36716182,4,5
443883,36715932,2,2
443883,4341763,3,3
443883,44809062,5,5
443883,37395520,8,8
443883,37395517,7,7
443883,44806251,3,3
443883,37395518,7,7
443883,3661748,5,5
443883,44809063,5,5
443883,37395514,7,7
443883,37395519,8,8
443883,4082334,3,3
443883,36716183,5,5
443883,4341765,3,4
443883,4340960,3,3
443883,4026157,3,3
443883,46274136,3,3
443883,4341764,2,3
443883,36716312,5,5
443883,199074,2,2
443883,4303234,3,3
443883,37395516,7,7
444089,4340961,5,5
444089,4026158,4,6
444089,4147231,4,4
444089,4192249,4,5
444089,4340493,5,6
444089,4340962,3,5
444089,36716182,4,6
444089,763030,5,5
444089,4241838,4,4
444089,761083,4,4
444089,4337316,4,4
444089,44809061,6,6
444089,36675120,3,4
444089,37395521,9,9
444089,36715932,4,4
444089,4340494,5,5
444089,4185268,4,5
444089,4192640,3,3
444089,3661748,6,6
444089,4121819,5,5
444089,4243504,4,4
444089,36716715,5,5
444089,37395520,9,9
444089,196628,3,5
444089,4124691,4,4
444089,4088042,3,5
444089,37395517,8,8
444089,4102255,5,5
444089,44806251,5,5
444089,4125494,4,4
444089,37395518,8,8
444089,35624505,5,5
444089,44809062,6,6
444089,4341763,5,5
444089,195596,4,4
444089,36716513,4,4
444089,40490446,4,4
444089,37395514,8,8
444089,36716183,4,6
444089,44809063,6,6
444089,4082334,5,5
444089,37395519,9,9
444089,4309439,2,4
444089,4340496,5,5
444089,4342866,5,5
444089,45757494,5,5
444089,4262937,4,4
444089,37395516,8,8
444089,4303234,5,5
444089,4341765,3,6
444089,4026157,5,5
444089,4340963,5,5
444089,37110323,6,6
444089,4319446,4,4
444089,4341764,5,5
444089,36716714,5,5
444089,4341073,5,5
444089,199074,4,4
444089,4340960,5,5
444089,46274136,5,5
444089,36716312,6,6
444089,4340964,5,6
444089,40483827,4,4
444089,3654680,3,5
444112,4262809,5,7
444208,4192249,2,2
444208,35624505,2,2
444208,4102255,2,2
444208,4121819,2,2
444208,195596,1,1
444208,4340496,2,2
444208,4342866,2,2
444208,45757494,2,2
444208,4340964,3,3
444208,4340963,2,2
444208,3654680,2,2
444208,4341073,2,2
444208,36716714,2,2
444208,37110323,3,3
444363,4340961,1,1
444363,4340493,2,3
444363,4340964,2,3
444363,4341073,1,1
444363,40483827,2,2
581477,581477,0,0
761083,761083,0,0
761083,4128029,1,1
761083,4126426,2,2
761746,3655446,2,2
763030,763030,0,0
3654680,3654680,0,0
3655445,3655446,1,1
3655446,3655446,0,0
3661748,3661748,0,0
4013074,4125494,2,2
4013074,4211348,3,5
4013518,4125494,3,3
4013518,4211348,5,7
4013842,4125494,2,2
4013842,4211348,4,6
4013991,4125494,3,3
4013991,4211348,5,5
4018852,36716182,4,4
4018852,37395521,7,7
4018852,761083,2,2
4018852,44809061,4,4
4018852,37395520,7,7
4018852,44809062,4,4
4018852,37395517,6,6
4018852,37395518,6,6
4018852,3661748,4,4
4018852,44809063,4,4
4018852,37395519,7,7
4018852,36716183,4,4
4018852,37395514,6,6
4018852,36716312,4,4
4018852,37395516,6,6
4021915,4125494,3,4
4021915,4211348,5,7
4023319,196628,4,4
4023995,36716182,5,6
4024000,36716182,4,7
4024000,761083,4,5
4024000,37395521,9,10
4024000,44809061,6,7
4024000,3661748,6,7
4024000,37395518,8,9
4024000,37395517,8,9
4024000,44809062,6,7
4024000,37395520,9,10
4024000,37395519,9,10
4024000,37395514,8,9
4024000,36716183,4,7
4024000,44809063,6,7
4024000,36716312,6,7
4024000,37395516,8,9
4024552,36716182,3,3
4024567,3655446,7,7
4026157,4026157,0,0
4026158,4026158,0,0
4027384,4340493,4,7
4027384,4340494,3,6
4027384,4340961,3,6
4027384,4337316,4,5
4027384,4185268,3,6
4027384,36675120,4,5
4027384,36715932,4,5
4027384,4241838,4,5
4027384,4192249,3,6
4027384,4026158,3,7
4027384,4340962,5,6
4027384,4192640,3,4
4027384,763030,3,6
4027384,4147231,4,5
4027384,195596,2,5
4027384,4102255,3,6
4027384,4088042,2,6
4027384,4121819,3,6
4027384,4125494,4,5
4027384,36716715,5,6
4027384,4124691,4,5
4027384,4341763,3,6
4027384,35624505,3,6
4027384,4243504,4,5
4027384,44806251,3,6
4027384,196628,5,6
4027384,4262937,4,5
4027384,4342866,3,6
4027384,4082334,3,6
4027384,4340496,3,6
4027384,45757494,3,6
4027384,40490446,4,5
4027384,36716513,4,5
4027384,4309439,4,5
4027384,4340960,3,6
4027384,4341765,4,7
4027384,37110323,4,7
4027384,199074,2,5
4027384,4341073,3,6
4027384,46274136,3,6
4027384,4340964,4,7
4027384,40483827,4,5
4027384,4303234,3,6
4027384,36716714,3,6
4027384,3654680,3,6
4027384,4340963,3,6
4027384,4026157,3,6
4027384,4341764,3,6
4027384,4319446,4,5
4027553,3655446,5,5
4028062,4340962,2,2
4028062,4026158,3,3
4028062,196628,2,2
4028062,4088042,2,2
4028062,4309439,1,1
4028062,4341765,2,2
4028062,3654680,2,2
4028071,36675120,5,6
4028071,4337316,6,6
4028071,4241838,6,6
4028071,36715932,6,6
4028071,4340961,7,7
4028071,36716182,6,9
4028071,3655446,7,7
4028071,4340962,5,7
4028071,4192249,6,7
4028071,4192640,5,5
4028071,44809061,7,9
4028071,4185268,6,7
4028071,37395521,10,12
4028071,4147231,6,6
4028071,4340493,7,8
4028071,761083,5,7
4028071,763030,7,7
4028071,4340494,7,7
4028071,4026158,6,8
4028071,4243504,6,6
4028071,4341763,7,7
4028071,4121819,7,7
4028071,4088042,5,7
4028071,3661748,7,9
4028071,37395520,10,12
4028071,196628,5,7
4028071,4125494,6,6
4028071,195596,6,6
4028071,44809062,7,9
4028071,37395517,9,11
4028071,4102255,7,7
4028071,35624505,7,7
4028071,4124691,6,6
4028071,36716715,7,7
4028071,37395518,9,11
4028071,44806251,7,7
4028071,4340496,7,7
4028071,4342866,7,7
4028071,37395519,10,12
4028071,40490446,6,6
4028071,45757494,7,7
4028071,4262937,2,6
4028071,4082334,7,7
4028071,36716183,6,9
4028071,4309439,4,6
4028071,36716513,6,6
4028071,44809063,7,9
4028071,37395514,9,11
4028071,4341073,7,7
4028071,37110323,8,8
4028071,40483827,6,6
4028071,4341764,7,7
4028071,4340963,7,7
4028071,4319446,6,6
4028071,4341765,5,8
4028071,4303234,7,7
4028071,4340960,7,7
4028071,199074,6,6
4028071,3654680,5,7
4028071,4340964,7,8
4028071,4026157,7,7
4028071,46274136,7,7
4028071,36716312,7,9
4028071,36716714,7,7
4028071,37395516,9,11
4028367,36716182,3,3
4028387,4262809,5,6
4028942,36716715,2,2
4028942,40490446,1,1
4030518,37395521,6,6
4030518,36716182,2,3
4030518,44809061,3,3
4030518,44809062,3,3
4030518,37395520,6,6
4030518,3661748,3,3
4030518,37395518,5,5
4030518,37395517,5,5
4030518,37395519,6,6
4030518,36716183,2,3
4030518,44809063,3,3
4030518,37395514,5,5
4030518,36716312,3,3
4030518,37395516,5,5
4033028,4262809,1,1
4041285,44809061,6,8
4041285,36716182,5,8
4041285,761083,4,6
4041285,37395521,9,11
4041285,37395518,8,10
4041285,37395520,9,11
4041285,44809062,6,8
4041285,37395517,8,10
4041285,3661748,6,8
4041285,37395514,8,10
4041285,36716183,5,8
4041285,44809063,6,8
4041285,37395519,9,11
4041285,37395516,8,10
4041285,36716312,6,8
4041436,44809061,4,4
4041436,37395521,7,7
4041436,36716182,3,4
4041436,37395518,6,6
4041436,4125494,5,6
4041436,37395517,6,6
4041436,37395520,7,7
4041436,3661748,4,4
4041436,44809062,4,4
4041436,37395519,7,7
4041436,44809063,4,4
4041436,36716183,3,4
4041436,37395514,6,6
4041436,36716312,4,4
4041436,4211348,6,10
4041436,37395516,6,6
4042140,36715932,4,9
4042140,36716182,4,12
4042140,763030,5,10
4042140,4026158,4,11
4042140,3655446,8,10
4042140,37395521,11,15
4042140,44809061,8,12
4042140,4192640,4,8
4042140,4337316,5,9
4042140,4340961,5,10
4042140,761083,5,10
4042140,4340493,6,11
4042140,4185268,5,10
4042140,4147231,5,9
4042140,4241838,5,9
4042140,4340962,4,10
4042140,36675120,5,9
4042140,4340494,5,10
4042140,4192249,5,10
4042140,4088042,5,10
4042140,4121819,5,10
4042140,4125494,5,9
4042140,4102255,5,10
4042140,37395520,11,15
4042140,44806251,5,10
4042140,4243504,5,9
4042140,4341763,5,10
4042140,3661748,8,12
4042140,44809062,8,12
4042140,196628,4,10
4042140,37395518,10,14
4042140,35624505,5,10
4042140,36716715,6,10
4042140,195596,4,9
4042140,37395517,10,14
4042140,4124691,4,9
4042140,37395514,10,14
4042140,36716513,5,9
4042140,44809063,8,12
4042140,40490446,5,9
4042140,36716183,4,12
4042140,37395519,11,15
4042140,4309439,4,9
4042140,4262937,4,9
4042140,4342866,5,10
4042140,45757494,5,10
4042140,4082334,5,10
4042140,4262809,5,9
4042140,4340496,5,10
4042140,3654680,5,10
4042140,37110323,6,11
4042140,4340964,6,11
4042140,40483827,5,9
4042140,4026157,5,10
4042140,4319446,5,9
4042140,4303234,4,10
4042140,4341073,5,10
4042140,36716714,5,10
4042140,36716312,8,12
4042140,46274136,5,10
4042140,4341765,4,11
4042140,199074,4,9
4042140,4211348,7,7
4042140,4341764,5,10
4042140,37395516,10,14
4042140,4340963,5,10
4042140,4340960,5,10
4043343,763030,3,3
4043346,36716182,5,6
4043346,3655446,5,5
4047779,4026158,3,9
4047779,44809061,7,10
4047779,4337316,4,7
4047779,4340961,5,8
4047779,4340962,3,8
4047779,4192249,5,8
4047779,37395521,10,13
4047779,36675120,4,7
4047779,763030,5,8
4047779,36715932,4,7
4047779,3655446,8,8
4047779,761083,5,8
4047779,4185268,5,8
4047779,4192640,3,6
4047779,4340493,5,9
4047779,4340494,5,8
4047779,4147231,4,7
4047779,36716182,3,10
4047779,4241838,4,7
4047779,44806251,5,8
4047779,196628,3,8
4047779,37395517,9,12
4047779,4088042,4,8
4047779,37395518,9,12
4047779,4125494,4,7
4047779,195596,4,7
4047779,44809062,7,10
4047779,4121819,5,8
4047779,35624505,5,8
4047779,4341763,5,8
4047779,36716715,5,8
4047779,4243504,4,7
4047779,3661748,7,10
4047779,4124691,4,7
4047779,37395520,10,13
4047779,4102255,5,8
4047779,4262809,4,8
4047779,45757494,5,8
4047779,37395514,9,12
4047779,4342866,5,8
4047779,36716183,3,10
4047779,40490446,4,7
4047779,37395519,10,13
4047779,36716513,4,7
4047779,4262937,3,7
4047779,4309439,3,7
4047779,4082334,5,8
4047779,4340496,5,8
4047779,44809063,7,10
4047779,36716714,5,8
4047779,36716312,7,10
4047779,4340963,5,8
4047779,4319446,4,7
4047779,40483827,4,7
4047779,37395516,9,12
4047779,4026157,5,8
4047779,4340964,5,9
4047779,46274136,5,8
4047779,4211348,6,6
4047779,4303234,3,8
4047779,4341073,5,8
4047779,3654680,4,8
4047779,199074,4,7
4047779,4341765,3,9
4047779,4341764,5,8
4047779,4340960,5,8
4047779,37110323,6,9
4052554,3655446,4,4
4054401,4262809,2,2
4073287,3654680,1,1
4081236,4262809,3,3
4082334,4082334,0,0
4086921,44791268,6,6
4086921,44790985,6,6
4088042,4026158,1,1
4088042,4088042,0,0
4091056,37395521,8,8
4091056,44809061,5,5
4091056,761083,3,3
4091056,36716182,3,5
4091056,37395520,8,8
4091056,44809062,5,5
4091056,37395518,7,7
4091056,37395517,7,7
4091056,3661748,5,5
4091056,36716183,3,5
4091056,37395519,8,8
4091056,44809063,5,5
4091056,37395514,7,7
4091056,36716312,5,5
4091056,37395516,7,7
4093227,4262937,1,1
4093759,4192249,1,1
4093991,4262937,3,3
4093991,4262809,5,7
4096864,763030,5,5
4096864,44809061,6,6
4096864,36675120,4,4
4096864,761083,3,4
4096864,4340494,5,5
4096864,4147231,4,4
4096864,37395521,9,9
4096864,4026158,6,6
4096864,4192249,4,5
4096864,4185268,4,5
4096864,36715932,4,4
4096864,4340962,5,5
4096864,36716182,4,6
4096864,4241838,4,4
4096864,4340961,5,5
4096864,4340493,5,6
4096864,4192640,3,3
4096864,4337316,4,4
4096864,4102255,5,5
4096864,4125494,4,4
4096864,37395517,8,8
4096864,195596,4,4
4096864,196628,5,5
4096864,37395520,9,9
4096864,44806251,5,5
4096864,36716715,5,5
4096864,4124691,4,4
4096864,3661748,6,6
4096864,37395518,8,8
4096864,4341763,5,5
4096864,4121819,5,5
4096864,44809062,6,6
4096864,4243504,4,4
4096864,35624505,5,5
4096864,4088042,5,5
4096864,37395519,9,9
4096864,44809063,6,6
4096864,45757494,5,5
4096864,4342866,5,5
4096864,4340496,5,5
4096864,40490446,4,4
4096864,4262937,4,4
4096864,4082334,5,5
4096864,4309439,4,4
4096864,36716513,4,4
4096864,36716183,4,6
4096864,37395514,8,8
4096864,40483827,4,4
4096864,3654680,5,5
4096864,4340963,5,5
4096864,4341764,5,5
4096864,4340964,5,6
4096864,199074,4,4
4096864,4026157,5,5
4096864,37395516,8,8
4096864,4341765,5,6
4096864,46274136,5,5
4096864,4319446,4,4
4096864,4340960,5,5
4096864,4341073,5,5
4096864,36716312,6,6
4096864,36716714,5,5
4096864,4303234,5,5
4096864,37110323,6,6
4100065,3661748,3,3
4102255,4102255,0,0
4102255,37110323,1,1
4103183,36716182,4,5
4114506,4026158,2,2
4114506,4088042,1,1
4115390,36716182,5,6
4115574,36675120,3,3
4115574,763030,5,5
4115580,763030,4,4
4115580,4340494,4,4
4115580,4026158,5,5
4115580,4340961,4,4
4115580,36675120,3,3
4115580,4147231,3,3
4115580,4185268,3,4
4115580,4337316,3,3
4115580,4340493,4,5
4115580,4241838,3,3
4115580,4340962,4,4
4115580,4192640,2,2
4115580,36715932,3,3
4115580,4192249,3,4
4115580,4341763,4,4
4115580,196628,4,4
4115580,4124691,3,3
4115580,4121819,4,4
4115580,35624505,4,4
4115580,4243504,3,3
4115580,4125494,3,3
4115580,4102255,4,4
4115580,4088042,4,4
4115580,36716715,4,4
4115580,44806251,4,4
4115580,195596,3,3
4115580,40490446,3,3
4115580,36716513,3,3
4115580,4342866,4,4
4115580,4082334,4,4
4115580,4262937,3,3
4115580,4340496,4,4
4115580,4309439,3,3
4115580,45757494,4,4
4115580,4341073,4,4
4115580,199074,3,3
4115580,4340963,4,4
4115580,37110323,5,5
4115580,4303234,4,4
4115580,3654680,4,4
4115580,4319446,3,3
4115580,4341765,4,5
4115580,4026157,4,4
4115580,4340964,4,5
4115580,4340960,4,4
4115580,40483827,3,3
4115580,46274136,4,4
4115580,36716714,4,4
4115580,4341764,4,4
4117930,3655446,8,8
4117930,4340961,8,8
4117930,4241838,7,7
4117930,4185268,7,8
4117930,44809061,8,10
4117930,4340494,8,8
4117930,4192249,7,8
4117930,763030,8,8
4117930,4340962,6,8
4117930,4147231,7,7
4117930,4340493,8,9
4117930,37395521,11,13
4117930,761083,6,8
4117930,4337316,7,7
4117930,36716182,7,10
4117930,36675120,6,7
4117930,4192640,6,6
4117930,36715932,7,7
4117930,4026158,7,9
4117930,4124691,7,7
4117930,44806251,8,8
4117930,35624505,8,8
4117930,4088042,6,8
4117930,4243504,7,7
4117930,3661748,8,10
4117930,4125494,7,7
4117930,37395518,10,12
4117930,196628,6,8
4117930,37395520,11,13
4117930,44809062,8,10
4117930,195596,7,7
4117930,36716715,8,8
4117930,37395517,10,12
4117930,4121819,8,8
4117930,4102255,8,8
4117930,4341763,8,8
4117930,37395519,11,13
4117930,36716513,7,7
4117930,4262937,3,7
4117930,4342866,8,8
4117930,36716183,7,10
4117930,37395514,10,12
4117930,4082334,8,8
4117930,4309439,5,7
4117930,44809063,8,10
4117930,40490446,7,7
4117930,45757494,8,8
4117930,4340496,8,8
4117930,4341764,8,8
4117930,4319446,7,7
4117930,36716714,8,8
4117930,40483827,7,7
4117930,37110323,9,9
4117930,4026157,8,8
4117930,4340960,8,8
4117930,4340964,8,9
4117930,4340963,8,8
4117930,37395516,10,12
4117930,4303234,8,8
4117930,4341073,8,8
4117930,36716312,8,10
4117930,3654680,6,8
4117930,46274136,8,8
4117930,4341765,6,9
4117930,199074,7,7
4121819,4121819,0,0
4124691,4124691,0,0
4124691,4026157,1,1
4125494,4125494,0,0
4126305,36716182,2,2
4126305,44809061,2,2
4126305,37395521,5,5
4126305,3661748,2,2
4126305,44809062,2,2
4126305,37395518,4,4
4126305,37395520,5,5
4126305,37395517,4,4
4126305,44809063,2,2
4126305,36716183,2,2
4126305,37395519,5,5
4126305,37395514,4,4
4126305,37395516,4,4
4126305,36716312,2,2
4131124,4211348,3,3
4132088,36716182,2,2
4132552,4340961,2,2
4132552,4340494,2,2
4132552,4185268,2,2
4132552,4340493,3,3
4132552,763030,2,2
4132552,4026158,3,3
4132552,36715932,1,1
4132552,44806251,2,2
4132552,4341763,2,2
4132552,4082334,2,2
4132552,46274136,2,2
4132552,199074,1,1
4132552,4341764,2,2
4132552,4341765,3,3
4132552,4303234,2,2
4132552,4340960,2,2
4132552,4026157,2,2
4132999,4262809,3,4
4134294,4340493,3,3
4134294,4340961,2,2
4134294,4340494,2,2
4134294,4185268,2,2
4134294,763030,2,2
4134294,4026158,3,3
4134294,44806251,2,2
4134294,4341763,2,2
4134294,4082334,2,2
4134294,46274136,2,2
4134294,4341764,2,2
4134294,4341765,3,3
4134294,199074,1,1
4134294,4026157,2,2
4134294,4340960,2,2
4134294,4303234,2,2
4134593,4192249,2,2
4134593,36715932,1,1
4134593,4124691,1,1
4134593,4102255,2,2
4134593,35624505,2,2
4134593,195596,1,1
4134593,4121819,2,2
4134593,4340496,2,2
4134593,45757494,2,2
4134593,4342866,2,2
4134593,4026157,2,2
4134593,37110323,3,3
4134593,4340963,2,2
4134593,4340964,3,3
4134593,4341073,2,2
4134593,3654680,2,2
4134593,36716714,2,2
4135931,4211348,1,1
4144291,44791268,1,1
4144291,44790985,1,1
4145627,763030,3,3
4145717,763030,1,1
4147231,4147231,0,0
4155499,761083,3,3
4169252,761083,2,2
4171379,44809061,5,7
4171379,37395521,8,10
4171379,761083,3,5
4171379,36716182,5,7
4171379,37395520,8,10
4171379,37395517,7,9
4171379,44809062,5,7
4171379,37395518,7,9
4171379,3661748,5,7
4171379,44809063,5,7
4171379,37395519,8,10
4171379,37395514,7,9
4171379,36716183,5,7
4171379,36716312,5,7
4171379,37395516,7,9
4178818,4185268,4,4
4178818,4340962,4,4
4178818,4241838,3,3
4178818,4192640,2,2
4178818,4147231,3,3
4178818,763030,4,4
4178818,36675120,3,3
4178818,4340961,4,4
4178818,4340494,4,4
4178818,4337316,3,3
4178818,4340493,4,5
4178818,36715932,3,3
4178818,4192249,4,4
4178818,4026158,5,5
4178818,4341763,4,4
4178818,4102255,4,4
4178818,4124691,3,3
4178818,195596,3,3
4178818,196628,4,4
4178818,4088042,4,4
4178818,35624505,4,4
4178818,4125494,3,3
4178818,36716715,4,4
4178818,4121819,4,4
4178818,44806251,4,4
4178818,4243504,3,3
4178818,4342866,4,4
4178818,4082334,4,4
4178818,45757494,4,4
4178818,4262937,3,3
4178818,4340496,4,4
4178818,4309439,3,3
4178818,40490446,3,3
4178818,36716513,3,3
4178818,4341764,4,4
4178818,4340963,4,4
4178818,40483827,3,3
4178818,4340960,4,4
4178818,46274136,4,4
4178818,36716714,4,4
4178818,3654680,4,4
4178818,199074,3,3
4178818,4026157,4,4
4178818,4341765,4,5
4178818,4319446,3,3
4178818,37110323,5,5
4178818,4340964,4,5
4178818,4303234,4,4
4178818,4341073,4,4
4179872,4125494,4,4
4179872,4211348,6,6
4179873,4102255,2,2
4179873,37110323,3,3
4179922,4211348,4,6
4180169,4192640,2,3
4180169,4340961,4,5
4180169,36715932,3,4
4180169,4340962,4,5
4180169,4340494,4,5
4180169,4241838,3,4
4180169,4340493,4,6
4180169,4026158,5,6
4180169,4192249,4,5
4180169,4185268,4,5
4180169,36675120,3,4
4180169,4337316,3,4
4180169,4147231,3,4
4180169,763030,4,5
4180169,195596,3,4
4180169,35624505,4,5
4180169,4124691,3,4
4180169,4121819,4,5
4180169,4341763,4,5
4180169,4243504,3,4
4180169,44806251,4,5
4180169,4102255,4,5
4180169,36716715,4,5
4180169,196628,4,5
4180169,4125494,3,4
4180169,4088042,4,5
4180169,40490446,3,4
4180169,4262937,3,4
4180169,36716513,3,4
4180169,4340496,4,5
4180169,4082334,4,5
4180169,4342866,4,5
4180169,45757494,4,5
4180169,4309439,3,4
4180169,4026157,4,5
4180169,37110323,5,6
4180169,4340960,4,5
4180169,4340964,4,6
4180169,4341764,4,5
4180169,4319446,3,4
4180169,4303234,4,5
4180169,40483827,3,4
4180169,46274136,4,5
4180169,3654680,4,5
4180169,36716714,4,5
4180169,4341073,4,5
4180169,199074,3,4
4180169,4341765,4,6
4180169,4340963,4,5
4180628,4337316,4,5
4180628,4340494,4,6
4180628,36716182,5,8
4180628,44809061,6,8
4180628,4340961,4,6
4180628,4241838,4,5
4180628,761083,4,6
4180628,3655446,7,7
4180628,4026158,5,7
4180628,4185268,4,6
4180628,763030,4,7
4180628,4192249,4,6
4180628,36675120,4,5
4180628,4340493,5,7
4180628,4340962,4,6
4180628,4147231,4,5
4180628,36715932,3,5
4180628,4192640,3,4
4180628,37395521,9,11
4180628,4341763,4,6
4180628,37395517,8,10
4180628,4121819,4,6
4180628,36716715,4,6
4180628,4125494,4,5
4180628,4124691,3,5
4180628,44809062,6,8
4180628,4088042,4,6
4180628,3661748,6,8
4180628,4243504,4,5
4180628,37395520,9,11
4180628,44806251,4,6
4180628,195596,3,5
4180628,37395518,8,10
4180628,35624505,4,6
4180628,196628,4,6
4180628,4102255,4,6
4180628,4082334,4,6
4180628,36716183,6,8
4180628,36716513,4,5
4180628,4262809,6,7
4180628,40490446,3,5
4180628,37395519,9,11
4180628,4262937,4,5
4180628,4309439,3,5
4180628,37395514,8,10
4180628,44809063,6,8
4180628,45757494,4,6
4180628,4340496,4,6
4180628,4342866,4,6
4180628,4211348,5,5
4180628,40483827,4,5
4180628,46274136,4,6
4180628,37395516,8,10
4180628,36716714,4,6
4180628,3654680,4,6
4180628,4340964,5,7
4180628,4340963,4,6
4180628,37110323,5,7
4180628,4319446,4,5
4180628,36716312,6,8
4180628,199074,3,5
4180628,4026157,4,6
4180628,4341073,4,6
4180628,4340960,4,6
4180628,4341764,4,6
4180628,4341765,4,7
4180628,4303234,4,6
4180645,4262937,1,1
4181063,4337316,2,2
4181063,4192640,1,1
4181063,4340961,3,3
4181063,4147231,2,2
4181063,763030,3,3
4181063,4340493,3,4
4181063,36675120,2,2
4181063,36715932,2,2
4181063,4026158,4,4
4181063,4340494,3,3
4181063,4340962,3,3
4181063,4241838,2,2
4181063,4192249,3,3
4181063,4185268,3,3
4181063,4102255,3,3
4181063,4124691,2,2
4181063,195596,2,2
4181063,44806251,3,3
4181063,4125494,2,2
4181063,4121819,3,3
4181063,4341763,3,3
4181063,4243504,2,2
4181063,36716715,3,3
4181063,4088042,3,3
4181063,196628,3,3
4181063,35624505,3,3
4181063,4262937,2,2
4181063,4342866,3,3
4181063,4309439,2,2
4181063,4082334,3,3
4181063,40490446,2,2
4181063,4340496,3,3
4181063,36716513,2,2
4181063,45757494,3,3
4181063,4340964,3,4
4181063,37110323,4,4
4181063,4340963,3,3
4181063,3654680,3,3
4181063,40483827,2,2
4181063,46274136,3,3
4181063,4026157,3,3
4181063,199074,2,2
4181063,4341765,3,4
4181063,4319446,2,2
4181063,4340960,3,3
4181063,4341073,3,3
4181063,4341764,3,3
4181063,36716714,3,3
4181063,4303234,3,3
4184200,4211348,1,1
4185268,4185268,0,0
4185503,3655446,6,6
4185503,36716182,6,7
4187630,44791268,5,5
4187630,44790985,5,5
4190185,4340961,3,3
4190185,4185268,3,3
4190185,4192640,1,1
4190185,4340494,3,3
4190185,763030,3,3
4190185,4026158,4,4
4190185,4340493,3,4
4190185,4192249,3,3
4190185,4241838,2,2
4190185,36675120,2,2
4190185,4340962,3,3
4190185,4147231,2,2
4190185,36715932,2,2
4190185,4337316,2,2
4190185,195596,2,2
4190185,4102255,3,3
4190185,4124691,2,2
4190185,4341763,3,3
4190185,35624505,3,3
4190185,4121819,3,3
4190185,36716715,3,3
4190185,196628,3,3
4190185,44806251,3,3
4190185,4125494,2,2
4190185,4088042,3,3
4190185,4243504,2,2
4190185,36716513,2,2
4190185,4082334,3,3
4190185,4340496,3,3
4190185,4342866,3,3
4190185,40490446,2,2
4190185,4309439,2,2
4190185,4262937,2,2
4190185,45757494,3,3
4190185,46274136,3,3
4190185,3654680,3,3
4190185,4319446,2,2
4190185,4303234,3,3
4190185,36716714,3,3
4190185,4026157,3,3
4190185,4340963,3,3
4190185,4341073,3,3
4190185,199074,2,2
4190185,4341764,3,3
4190185,4340960,3,3
4190185,37110323,4,4
4190185,40483827,2,2
4190185,4340964,3,4
4190185,4341765,3,4
4192249,4192249,0,0
4192640,4192249,2,2
4192640,4341074,2,2
4192640,4147231,1,1
4192640,4185268,2,2
4192640,4340494,2,2
4192640,4337316,1,1
4192640,4340962,2,2
4192640,36675120,1,1
4192640,4342865,2,2
4192640,4026158,3,3
4192640,4340961,2,2
4192640,4340493,2,3
4192640,763030,2,2
4192640,4241838,1,1
4192640,36715932,1,1
4192640,4192640,0,0
4192640,44806251,2,2
4192640,4102255,2,2
4192640,4125494,1,1
4192640,195596,1,1
4192640,36716715,2,2
4192640,4243504,1,1
4192640,4121819,2,2
4192640,35624505,2,2
4192640,4341763,2,2
4192640,4088042,2,2
4192640,196628,2,2
4192640,4124691,1,1
4192640,4164003,1,1
4192640,45757494,2,2
4192640,4194916,1,1
4192640,4262937,1,1
4192640,36716513,1,1
4192640,4082334,2,2
4192640,40490446,1,1
4192640,4342866,2,2
4192640,4309439,1,1
4192640,4340496,2,2
4192640,46274136,2,2
4192640,4341764,2,2
4192640,199074,1,1
4192640,40483827,1,1
4192640,3654680,2,2
4192640,4340960,2,2
4192640,4026157,2,2
4192640,4340495,2,2
4192640,37110323,3,3
4192640,4303234,2,2
4192640,36716714,2,2
4192640,4340963,2,2
4192640,4341073,2,2
4192640,4341765,2,3
4192640,4319446,1,1
4192640,4340964,2,3
4193990,4340962,2,2
4193990,4026158,3,3
4193990,196628,2,2
4193990,4088042,2,2
4193990,4309439,1,1
4193990,3654680,2,2
4193990,4341765,2,2
4195979,44791268,3,3
4195979,44790985,3,3
4196732,763030,4,4
4199402,44809061,9,11
4199402,4192640,7,7
4199402,763030,9,9
4199402,37395521,12,14
4199402,36715932,8,8
4199402,36716182,8,11
4199402,36675120,7,8
4199402,4147231,8,8
4199402,4337316,8,8
4199402,4185268,8,9
4199402,3655446,9,9
4199402,4340962,7,9
4199402,4026158,8,10
4199402,4340493,9,10
4199402,4241838,8,8
4199402,761083,7,9
4199402,4340494,9,9
4199402,4192249,8,9
4199402,4340961,9,9
4199402,4124691,8,8
4199402,37395517,11,13
4199402,37395520,12,14
4199402,35624505,9,9
4199402,4243504,8,8
4199402,3661748,9,11
4199402,37395518,11,13
4199402,4088042,7,9
4199402,44806251,9,9
4199402,4125494,8,8
4199402,36716715,9,9
4199402,4341763,9,9
4199402,196628,7,9
4199402,44809062,9,11
4199402,4102255,9,9
4199402,195596,8,8
4199402,4121819,9,9
4199402,4262809,5,6
4199402,4342866,9,9
4199402,37395514,11,13
4199402,37395519,12,14
4199402,4309439,6,8
4199402,40490446,8,8
4199402,36716183,8,11
4199402,4082334,9,9
4199402,4340496,9,9
4199402,44809063,9,11
4199402,36716513,8,8
4199402,45757494,9,9
4199402,4262937,4,8
4199402,37110323,10,10
4199402,4341764,9,9
4199402,46274136,9,9
4199402,4340964,9,10
4199402,4340960,9,9
4199402,4341765,7,10
4199402,4026157,9,9
4199402,36716714,9,9
4199402,37395516,11,13
4199402,4319446,8,8
4199402,4303234,9,9
4199402,4340963,9,9
4199402,40483827,8,8
4199402,4341073,9,9
4199402,3654680,7,9
4199402,199074,8,8
4199402,36716312,9,11
4200532,4340962,2,3
4200532,4026158,2,4
4200532,4088042,3,3
4200532,196628,2,3
4200532,4309439,2,2
4200532,3654680,3,3
4200532,4341765,2,3
4200533,4026158,1,1
4201745,763030,3,6
4201745,4185268,3,5
4201745,4192249,3,5
4201745,4147231,3,4
4201745,4340962,3,5
4201745,4337316,3,4
4201745,4192640,2,3
4201745,4340493,4,6
4201745,4340494,3,5
4201745,36675120,3,4
4201745,4340961,3,5
4201745,36715932,2,4
4201745,4241838,3,4
4201745,4026158,4,6
4201745,196628,3,5
4201745,35624505,3,5
4201745,4124691,2,4
4201745,4125494,3,4
4201745,36716715,4,5
4201745,4121819,3,5
4201745,44806251,3,5
4201745,4088042,3,5
4201745,195596,2,4
4201745,4102255,3,5
4201745,4243504,3,4
4201745,4341763,3,5
4201745,4082334,3,5
4201745,36716513,3,4
4201745,40490446,3,4
4201745,4340496,3,5
4201745,4309439,2,4
4201745,4342866,3,5
4201745,4262937,3,4
4201745,45757494,3,5
4201745,3654680,3,5
4201745,37110323,4,6
4201745,4341765,3,6
4201745,4026157,3,5
4201745,4341073,3,5
4201745,4319446,3,4
4201745,40483827,3,4
4201745,4303234,3,5
4201745,4341764,3,5
4201745,46274136,3,5
4201745,199074,2,4
4201745,4340960,3,5
4201745,36716714,3,5
4201745,4340964,4,6
4201745,4340963,3,5
4207186,4340962,1,1
4207186,196628,1,1
4207186,4341765,1,1
4207472,4026158,3,3
4207472,4340962,2,2
4207472,196628,2,2
4207472,4088042,2,2
4207472,4309439,1,1
4207472,3654680,2,2
4207472,4341765,2,2
4211348,4211348,0,0
4214956,44791268,4,4
4214956,44790985,4,4
4220631,761083,1,1
4227253,4192640,4,4
4227253,4340493,6,7
4227253,4147231,5,5
4227253,4337316,5,5
4227253,44809061,7,7
4227253,4185268,5,6
4227253,4340961,6,6
4227253,4026158,7,7
4227253,4340494,6,6
4227253,761083,4,5
4227253,763030,6,6
4227253,36716182,5,7
4227253,4192249,5,6
4227253,37395521,10,10
4227253,36715932,5,5
4227253,4241838,5,5
4227253,4340962,6,6
4227253,36675120,5,5
4227253,36716715,6,6
4227253,4243504,5,5
4227253,4125494,5,5
4227253,4088042,6,6
4227253,4102255,6,6
4227253,37395518,9,9
4227253,44809062,7,7
4227253,3661748,7,7
4227253,37395517,9,9
4227253,195596,5,5
4227253,37395520,10,10
4227253,44806251,6,6
4227253,4341763,6,6
4227253,196628,6,6
4227253,4124691,5,5
4227253,4121819,6,6
4227253,35624505,6,6
4227253,4082334,6,6
4227253,4340496,6,6
4227253,37395519,10,10
4227253,45757494,6,6
4227253,4262937,5,5
4227253,36716513,5,5
4227253,36716183,5,7
4227253,44809063,7,7
4227253,40490446,5,5
4227253,4309439,5,5
4227253,37395514,9,9
4227253,4342866,6,6
4227253,37110323,7,7
4227253,4303234,6,6
4227253,36716714,6,6
4227253,4341073,6,6
4227253,4319446,5,5
4227253,40483827,5,5
4227253,4340964,6,7
4227253,3654680,6,6
4227253,4341765,6,7
4227253,4340963,6,6
4227253,4026157,6,6
4227253,46274136,6,6
4227253,199074,5,5
4227253,37395516,9,9
4227253,4341764,6,6
4227253,4340960,6,6
4227253,36716312,7,7
4241838,4241838,0,0
4242411,37395521,6,6
4242411,761083,1,1
4242411,36716182,3,3
4242411,44809061,3,3
4242411,37395517,5,5
4242411,3661748,3,3
4242411,37395518,5,5
4242411,37395520,6,6
4242411,44809062,3,3
4242411,37395519,6,6
4242411,37395514,5,5
4242411,36716183,3,3
4242411,44809063,3,3
4242411,36716312,3,3
4242411,37395516,5,5
4243504,4243504,0,0
4244129,4211348,3,3
4252853,4341765,1,1
4253153,196628,3,3
4256625,4262809,4,5
4262809,4262809,0,0
4262937,4262937,0,0
4267432,4211348,3,5
4271450,4026158,2,2
4271450,4341765,2,2
4271450,4341764,1,1
4274025,4340493,3,10
4274025,761083,4,9
4274025,4147231,5,8
4274025,4241838,5,8
4274025,36715932,3,8
4274025,763030,4,9
4274025,4340494,4,9
4274025,44809061,6,11
4274025,36675120,5,8
4274025,37395521,9,14
4274025,4337316,5,8
4274025,4185268,4,9
4274025,36716182,4,11
4274025,3655446,9,9
4274025,4192249,4,9
4274025,4026158,4,10
4274025,4192640,4,7
4274025,4340961,2,9
4274025,4340962,4,9
4274025,36716715,5,9
4274025,196628,4,9
4274025,35624505,4,9
4274025,3661748,6,11
4274025,4124691,3,8
4274025,4088042,3,9
4274025,4102255,3,9
4274025,4243504,5,8
4274025,37395518,8,13
4274025,4125494,5,8
4274025,44809062,6,11
4274025,4121819,4,9
4274025,4341763,4,9
4274025,37395520,9,14
4274025,44806251,4,9
4274025,195596,3,8
4274025,37395517,8,13
4274025,37395519,9,14
4274025,4262809,5,9
4274025,36716513,5,8
4274025,4340496,4,9
4274025,4309439,4,8
4274025,36716183,4,11
4274025,4262937,4,8
4274025,40490446,4,8
4274025,37395514,8,13
4274025,45757494,4,9
4274025,4342866,4,9
4274025,44809063,6,11
4274025,4082334,4,9
4274025,4319446,5,8
4274025,46274136,4,9
4274025,36716312,6,11
4274025,4341764,3,9
4274025,37395516,8,13
4274025,4340960,4,9
4274025,3654680,3,9
4274025,4341765,4,10
4274025,36716714,4,9
4274025,4026157,4,9
4274025,4340963,4,9
4274025,4341073,2,9
4274025,4211348,4,7
4274025,4340964,3,10
4274025,4303234,4,9
4274025,199074,3,8
4274025,37110323,4,10
4274025,40483827,3,8
4276572,4125494,4,4
4276572,4211348,5,7
4280820,4102255,1,1
4280820,37110323,2,2
4290000,196628,1,1
4297887,4185268,3,4
4297887,4241838,3,3
4297887,4340493,4,5
4297887,4340961,4,4
4297887,4192640,2,2
4297887,4340962,4,4
4297887,4147231,3,3
4297887,4340494,4,4
4297887,4026158,5,5
4297887,4337316,3,3
4297887,763030,4,5
4297887,36675120,3,3
4297887,4192249,3,4
4297887,36715932,3,3
4297887,4341763,4,4
4297887,195596,3,3
4297887,4125494,3,3
4297887,35624505,4,4
4297887,4121819,4,4
4297887,44806251,4,4
4297887,36716715,4,4
4297887,196628,4,4
4297887,4102255,4,4
4297887,4088042,4,4
4297887,4243504,3,3
4297887,4124691,3,3
4297887,4309439,3,3
4297887,4342866,4,4
4297887,4262937,3,3
4297887,4340496,4,4
4297887,4082334,4,4
4297887,36716513,3,3
4297887,45757494,4,4
4297887,40490446,3,3
4297887,4340964,4,5
4297887,40483827,3,3
4297887,3654680,4,4
4297887,4341073,4,4
4297887,36716714,4,4
4297887,199074,3,3
4297887,4341764,4,4
4297887,4340963,4,4
4297887,4303234,4,4
4297887,4319446,3,3
4297887,4026157,4,4
4297887,37110323,5,5
4297887,4341765,4,5
4297887,4340960,4,4
4297887,46274136,4,4
4302537,4185268,4,6
4302537,4340962,4,6
4302537,4192249,4,6
4302537,4147231,4,5
4302537,763030,4,7
4302537,4192640,3,4
4302537,4241838,4,5
4302537,4026158,5,7
4302537,4340494,4,6
4302537,36715932,3,5
4302537,36675120,4,5
4302537,4337316,4,5
4302537,4340961,4,6
4302537,4340493,5,7
4302537,35624505,4,6
4302537,4102255,4,6
4302537,44806251,4,6
4302537,4088042,4,6
4302537,196628,4,6
4302537,4125494,4,5
4302537,4121819,4,6
4302537,4341763,4,6
4302537,195596,3,5
4302537,4243504,4,5
4302537,36716715,5,6
4302537,4124691,3,5
4302537,4340496,4,6
4302537,4262937,4,5
4302537,40490446,4,5
4302537,4082334,4,6
4302537,4342866,4,6
4302537,45757494,4,6
4302537,36716513,4,5
4302537,4309439,3,5
4302537,4303234,4,6
4302537,199074,3,5
4302537,40483827,4,5
4302537,4340964,5,7
4302537,4341764,4,6
4302537,3654680,4,6
4302537,4340963,4,6
4302537,36716714,4,6
4302537,4026157,4,6
4302537,4341765,4,7
4302537,46274136,4,6
4302537,4341073,4,6
4302537,4340960,4,6
4302537,4319446,4,5
4302537,37110323,5,7
4303234,4303234,0,0
4309439,4026158,2,2
4309439,4340962,1,1
4309439,196628,1,1
4309439,4088042,1,1
4309439,4309439,0,0
4309439,3654680,1,1
4309439,4341765,1,1
4319445,4185268,1,1
4319446,4341763,1,1
4319446,4340963,1,1
4319446,4319446,0,0
4332151,4125494,3,3
4332151,4211348,5,5
4337316,4337316,0,0
4340493,4340493,0,0
4340494,4340494,0,0
4340496,4340496,0,0
4340960,4340960,0,0
4340961,4340493,1,1
4340961,4340961,0,0
4340962,4340962,0,0
4340963,4340963,0,0
4340964,4340964,0,0
4341073,4340964,1,1
4341073,4341073,0,0
4341763,4341763,0,0
4341764,4026158,1,1
4341764,4341765,1,1
4341764,4341764,0,0
4341765,4341765,0,0
4342866,4342866,0,0
4344497,4262809,4,4
35624505,35624505,0,0
36675120,36675120,0,0
36714559,4340493,2,2
36714559,40483827,1,1
36714559,4340964,2,2
36715932,36715932,0,0
36716182,36716182,0,0
36716183,36716183,0,0
36716312,36716312,0,0
36716513,36716513,0,0
36716714,36716714,0,0
36716715,36716715,0,0
36717187,196628,2,2
37110323,37110323,0,0
37116613,761083,2,2
37116972,4340962,4,4
37116972,37395521,8,8
37116972,36716182,3,5
37116972,44809061,5,5
37116972,4340494,4,4
37116972,4026158,5,5
37116972,4340493,4,5
37116972,763030,4,4
37116972,4340961,4,4
37116972,36715932,3,3
37116972,4185268,3,4
37116972,4192640,2,2
37116972,4241838,3,3
37116972,4192249,3,4
37116972,761083,3,3
37116972,4337316,3,3
37116972,36675120,3,3
37116972,4147231,3,3
37116972,195596,3,3
37116972,37395518,7,7
37116972,4088042,4,4
37116972,35624505,4,4
37116972,4102255,4,4
37116972,4243504,3,3
37116972,3661748,5,5
37116972,44809062,5,5
37116972,44806251,4,4
37116972,37395520,8,8
37116972,4125494,3,3
37116972,4124691,3,3
37116972,4341763,4,4
37116972,4121819,4,4
37116972,37395517,7,7
37116972,36716715,4,4
37116972,196628,4,4
37116972,44809063,5,5
37116972,4309439,3,3
37116972,4342866,4,4
37116972,36716513,3,3
37116972,4082334,4,4
37116972,40490446,3,3
37116972,36716183,3,5
37116972,4262937,3,3
37116972,4340496,4,4
37116972,37395514,7,7
37116972,37395519,8,8
37116972,45757494,4,4
37116972,4026157,4,4
37116972,4340964,4,5
37116972,4319446,3,3
37116972,46274136,4,4
37116972,4341765,4,5
37116972,37110323,5,5
37116972,3654680,4,4
37116972,4303234,4,4
37116972,36716312,5,5
37116972,37395516,7,7
37116972,199074,3,3
37116972,40483827,3,3
37116972,4341073,4,4
37116972,4340960,4,4
37116972,4340963,4,4
37116972,4341764,4,4
37116972,36716714,4,4
37203927,4125494,5,5
37203927,4211348,6,8
37311061,3661748,1,1
37311677,4192249,5,6
37311677,37395521,9,11
37311677,4340961,6,6
37311677,761083,4,6
37311677,763030,6,6
37311677,4192640,4,4
37311677,4337316,5,5
37311677,4026158,5,7
37311677,36715932,5,5
37311677,36675120,4,5
37311677,4241838,5,5
37311677,44809061,6,8
37311677,36716182,5,8
37311677,4185268,5,6
37311677,4147231,5,5
37311677,4340493,6,7
37311677,4340494,6,6
37311677,4340962,4,6
37311677,37395517,8,10
37311677,196628,4,6
37311677,4243504,5,5
37311677,195596,5,5
37311677,4102255,6,6
37311677,35624505,6,6
37311677,4124691,5,5
37311677,36716715,6,6
37311677,37395518,8,10
37311677,44806251,6,6
37311677,4088042,4,6
37311677,3661748,6,8
37311677,4341763,6,6
37311677,4121819,6,6
37311677,4125494,5,5
37311677,37395520,9,11
37311677,44809062,6,8
37311677,44809063,6,8
37311677,37395514,8,10
37311677,37395519,9,11
37311677,4082334,6,6
37311677,36716513,5,5
37311677,40490446,5,5
37311677,4342866,6,6
37311677,36716183,5,8
37311677,4262937,5,5
37311677,45757494,6,6
37311677,4309439,3,5
37311677,4340496,6,6
37311677,4341073,6,6
37311677,4319446,5,5
37311677,40483827,5,5
37311677,37110323,7,7
37311677,4340964,6,7
37311677,46274136,6,6
37311677,4026157,6,6
37311677,4340960,6,6
37311677,4340963,6,6
37311677,3654680,4,6
37311677,4341764,6,6
37311677,37395516,8,10
37311677,36716714,6,6
37311677,36716312,6,8
37311677,199074,5,5
37311677,4303234,6,6
37311677,4341765,4,7
37311678,36675120,5,6
37311678,4340962,5,7
37311678,4337316,6,6
37311678,36715932,6,6
37311678,4192640,5,5
37311678,4026158,6,8
37311678,4340494,7,7
37311678,37395521,10,12
37311678,4147231,6,6
37311678,4340493,7,8
37311678,44809061,7,9
37311678,4241838,6,6
37311678,4185268,6,7
37311678,36716182,6,9
37311678,4192249,6,7
37311678,761083,5,7
37311678,763030,7,7
37311678,4340961,7,7
37311678,4125494,6,6
37311678,44809062,7,9
37311678,3661748,7,9
37311678,4341763,7,7
37311678,4088042,5,7
37311678,37395520,10,12
37311678,4102255,7,7
37311678,4124691,6,6
37311678,44806251,7,7
37311678,35624505,7,7
37311678,195596,6,6
37311678,4121819,7,7
37311678,4243504,6,6
37311678,196628,5,7
37311678,37395518,9,11
37311678,36716715,7,7
37311678,37395517,9,11
37311678,37395519,10,12
37311678,44809063,7,9
37311678,36716513,6,6
37311678,36716183,6,9
37311678,40490446,6,6
37311678,4342866,7,7
37311678,4309439,4,6
37311678,4340496,7,7
37311678,37395514,9,11
37311678,4262937,6,6
37311678,4082334,7,7
37311678,45757494,7,7
37311678,36716714,7,7
37311678,4319446,6,6
37311678,37110323,8,8
37311678,4341073,7,7
37311678,36716312,7,9
37311678,4026157,7,7
37311678,3654680,5,7
37311678,4340960,7,7
37311678,4303234,7,7
37311678,4340963,7,7
37311678,40483827,6,6
37311678,4340964,7,8
37311678,46274136,7,7
37311678,199074,6,6
37311678,4341764,7,7
37311678,37395516,9,11
37311678,4341765,5,8
37311947,4185268,2,2
37395514,37395519,1,1
37395514,37395514,0,0
37395516,37395521,1,1
37395516,37395516,0,0
37395517,37395520,1,1
37395517,37395517,0,0
37395518,37395518,0,0
37395519,37395519,0,0
37395520,37395520,0,0
37395521,37395521,0,0
40480457,36716182,4,5
40480457,44809061,5,5
40480457,37395521,8,8
40480457,37395520,8,8
40480457,3661748,5,5
40480457,44809062,5,5
40480457,37395517,7,7
40480457,37395518,7,7
40480457,4125494,4,7
40480457,37395514,7,7
40480457,44809063,5,5
40480457,36716183,4,5
40480457,37395519,8,8
40480457,37395516,7,7
40480457,36716312,5,5
40480457,4211348,6,11
40480513,4125494,3,3
40480513,4211348,4,6
40481841,4125494,4,5
40481841,4211348,5,9
40482409,4262809,3,3
40482857,36716182,1,1
40483287,37395521,8,8
40483287,761083,3,3
40483287,44809061,5,5
40483287,36716182,3,5
40483287,37395518,7,7
40483287,37395517,7,7
40483287,37395520,8,8
40483287,3661748,5,5
40483287,44809062,5,5
40483287,37395519,8,8
40483287,44809063,5,5
40483287,36716183,3,5
40483287,37395514,7,7
40483287,36716312,5,5
40483287,37395516,7,7
40483827,4340493,1,1
40483827,4340964,1,1
40483827,40483827,0,0
40484533,4125494,3,3
40484533,4211348,4,7
40490337,4262809,2,2
40490446,36716715,1,1
40490446,40490446,0,0
42536547,36716182,1,1
42536547,36716183,1,1
42538830,4125494,3,4
42538830,4211348,5,8
42539646,44791268,2,2
42539646,44790985,2,2
43530815,761083,4,5
43530876,4262809,4,4
43530876,4303234,1,1
43530877,36716182,2,2
43530877,761083,5,6
43530877,4262809,5,5
43530877,36716183,2,2
43530877,4303234,2,2
43531056,36716182,6,7
43531056,3655446,6,6
43531057,36716182,7,8
43531057,3655446,7,7
43531058,4147231,5,5
43531058,763030,6,6
43531058,4026158,5,7
43531058,4185268,5,6
43531058,761083,4,5
43531058,4340962,4,6
43531058,36715932,5,5
43531058,36675120,4,5
43531058,4192249,5,6
43531058,4340493,6,7
43531058,4241838,5,5
43531058,36716182,5,7
43531058,44809061,7,7
43531058,4340961,6,6
43531058,4192640,4,4
43531058,4340494,6,6
43531058,4337316,5,5
43531058,37395521,10,10
43531058,37395517,9,9
43531058,37395518,9,9
43531058,35624505,6,6
43531058,3661748,7,7
43531058,4121819,6,6
43531058,37395520,10,10
43531058,36716715,6,6
43531058,4102255,6,6
43531058,44809062,7,7
43531058,4341763,6,6
43531058,195596,5,5
43531058,4088042,4,6
43531058,196628,4,6
43531058,44806251,6,6
43531058,4125494,5,5
43531058,4124691,5,5
43531058,4243504,5,5
43531058,37395514,9,9
43531058,4262937,5,5
43531058,45757494,6,6
43531058,44809063,7,7
43531058,36716513,5,5
43531058,37395519,10,10
43531058,4340496,6,6
43531058,4342866,6,6
43531058,4082334,6,6
43531058,40490446,5,5
43531058,4309439,3,5
43531058,36716183,5,7
43531058,4341765,4,7
43531058,36716312,7,7
43531058,37395516,9,9
43531058,199074,5,5
43531058,46274136,6,6
43531058,37110323,7,7
43531058,4340963,6,6
43531058,40483827,5,5
43531058,4340960,6,6
43531058,4341073,6,6
43531058,4341764,6,6
43531058,4319446,5,5
43531058,36716714,6,6
43531058,4026157,6,6
43531058,4303234,6,6
43531058,4340964,6,7
43531058,3654680,4,6
44790985,44790985,0,0
44791268,44791268,0,0
44806251,44806251,0,0
44809061,44809061,0,0
44809062,44809062,0,0
44809063,44809063,0,0
45757466,37395521,2,2
45757466,37395520,2,2
45757466,37395518,1,1
45757466,37395517,1,1
45757466,37395519,2,2
45757466,37395514,1,1
45757466,37395516,1,1
45757494,45757494,0,0
45769862,761083,2,2
45769862,36716182,2,2
45769862,36716183,2,2
45770903,36716183,1,1
46274136,46274136,0,0
